﻿Designator,Footprint,Quantity,Value,LCSC Part #
AE1,U.FL_Molex_MCRF_73412-0110_Vertical,1,U.FL,C434812
ANT1,ILA.01,1,~,C6879070
"C1, C4",0805,2,100nF,C49678
C10,0603_1608,1,0.1uF,C42998
"C11, C20, C21, C22, C23, C24, C25, C26, C27, C28, C29, C7, C8, C9",G-31_MUR,14,10uF,C13585
C12,0603,1,"0.33uF,10V",C1615
C13,0603,1,1000pF,C77026
C14,100nF_0603,1,1000pF,C77026
C15,0603,1,"2.2uF,6.3V",C337443
"C16, C2, C3, C31, C38, C57",0603,6,0.1uF,C1591
C17,0603,1,10uF,C2835565
C18,100nF_0603,1,"0.33uF, 10V",C1615
C19,0603,1,"0.1uF, U1.28",C1591
C30,CAP_PC_8X12_NCH-L,1,"120uF,40V,20%",C2162469
"C32, C33",CP_Elec_5x5.4,2,10µF,C72486
"C34, C35",1812,2,470pF,C106170
"C36, C37",0805,2,1uF,
C39,ST50_0603_C,1,0.47uF,C513577
"C40, C53",ST50_0603_C,2,0.1uF,C14663
C41,ST50_0603_C,1,0.1uF,
"C42, C88, C89, C90",0603,4,3.3pF,C527036
"C43, C45",0603,2,3.3pF,
C44,0603_1608,1,0.1uF,C14663
"C46, C47, C50",0603_1608,3,1uF,C1592
"C48, C52, C54",ST50_0603_C,3,1uF,C1592
C49,ST50_0603_C,1,0.8PF,C519369
C5,CAP_0805N_AVX-L,1,"2200pF,0805",C376954
C51,ST50_0603_C,1,4.7uF,C1705
"C55, C56",0603,2,10uF,C91150
C58,0603,1,"104, 100nF",C3896307
C59,0603,1,"103, 10nF",C3867748
C6,0603_1608,1,"100pF,5%",C160903
"C60, C61",0805,2,22uF,C602037
"C62, C66, C71",CP_EIA-3216-18_Kemet-A,3,10uF,C154161
C63,0805,1,100nF,C2830721
C64,0805,1,10nF,C52278
C65,1206,1,100nF,C106241
C68,0805,1,10uF,C88484
"C69, C70",0805,2,100uF,C141660
C72,0603,1,10uF,C344022
C73,0603,1,100nF,C694249
C74,0603,1,3.3nF,C1613
C75,0603,1,68pF,C62782
"C76, C77",1210,2,22uF,C21397
"C80, C82",1206,2,1uF,
C81,1206,1,1nF,
C83,0603,1,10u,C194427
C84,0603,1,500nF,C152898
C85,0603,1,0.1u,C14663
C86,0603,1,22uF,C86295
C87,0603,1,10uF,C194427
Cb1,100nF_0603,1,"0.47uF , 16V",C123514
Cc1,100nF_0603,1,0.01uF,C43253
Cc2,100nF_0603,1,"0.22uF,10V",C2180937
Cpn1,100nF_0603,1,"1uF,16V",C1592
D3,BZT52C15LP-7,1,BZT52C15LP,C2978911
"D4, D5",D_SOD-123,2,1N4148WX-TP,C78740
Db1,SOD523_DIO,1,1N4448HWT-7,C139447
FL1,FIL_DBP.915.V.A.30,1,DBP.915.V.A.30,C3155564
"H1, H2, H5",,3,MountingHole_Pad,
"H3, H4",MountingHole_3mm,2,MountingHole_Pad,
J1,TE_1-282837-6,1,Conn_01x21_Socket,
"J10, J11",PinHeader_1x08_P2.54mm_Vertical,2,Conn_01x08_Pin,
"J12, J13",SolderJumper-2_P1.3mm_Open_TrianglePad1.0x1.5mm,2,Conn_01x02_Pin,
J2,TE_1-282837-6,1,Conn_01x19_Socket,
J3,PinHeader_1x02_P2.54mm_Vertical,1,MAIN_LOAD,
J4,PinHeader_1x02_P2.54mm_Vertical,1,BP_SHUNT,
J5,PinHeader_1x02_P2.54mm_Vertical,1,ISO_CON,
J6,PinHeader_1x03_P2.54mm_Vertical,1,CTRL,
J7,PinHeader_1x07_P2.54mm_Vertical,1,PROG_CONN,
J8,PinHeader_1x10_P2.54mm_Vertical,1,Conn_01x10_Socket,
J9,PinHeader_1x04_P2.54mm_Vertical,1,Conn_01x04_Pin,
JP1,SolderJumper-3_P1.3mm_Open_RoundedPad1.0x1.5mm,1,SolderJumper_3_Open,
"JP10, JP8, JP9",SolderJumper-3_P1.3mm_Open_RoundedPad1.0x1.5mm,3,I2C_ADDRESS,
"JP2, JP6",SolderJumper-2_P1.3mm_Open_RoundedPad1.0x1.5mm,2,SolderJumper_2_Open,
JP3,PinHeader_1x03_P2.54mm_Vertical,1,MPPT,
JP4,SolderJumper-3_P1.3mm_Open_RoundedPad1.0x1.5mm_NumberLabels,1,SolderJumper_3_Open,
JP5,SolderJumper-3_P1.3mm_Open_RoundedPad1.0x1.5mm_NumberLabels,1,Jumper_3_Open,
JP7,RF-SELECT,1,SolderJumper_3_Open,
"K1, K2",RELAY_1462042-8,2,1462042-8,C574842
L1,XAL1010,1,XAL1010-103MED,
L2,INDPM5752X150N,1,5.6uH,C497860
L3,L0805,1,15uH,C57838
L4,0402,1,8.2nH,
"L5, L6",0603,2,1.8 kOhms @ 100 MHz,C2661611
L7,IND_357047_WRE,1,4.7uH,C167874
"M1, M2",SOT-23,2,2N7002KT7G,C116584
M3,FDMC86139P,1,FDMC8327L,C890957
M4,WDFN8_3x3_ONS,1,FDMC7208S,C890940
M5,MOSFET_1DN-T1-GE3_VIS,1,SIS443DN-T1-GE3,C142539
PS1,CONV_RS3K-2405SZ_H3,1,RS3K-2405SZ/H3,
Q1,SOT-23,1,PMBT3906,C8670
Q2,SOT-23,1,EMF44P02J P-MOS,C127273
"Q3, Q5",SOIC_TA-VG-L,2,EL3H7(TA)-VG,C2858852
"Q4, Q6",SOT-23,2,MMBT2222A,C2898686
Q7,SOIC_TA-VG-L,1,EL3H7(TA)-VGISP281D,C2858852
"R1, R38, R51, R67",0603,4,0,C21189
R10,10K(0603),1,"47k,5%",C25600
"R100, R2, R3, R44, R45, R46, R48, R96",0603,8,4.7k,C105428
"R101, R105, R97",0603,3,220,C114742
R102,0603,1,1k,C98220
"R103, R34, R42, R99",0603,4,10k,C98220
"R104, R107",0603,2,4.7k, C105428
R108,0603,1,10k,
R11,10K(0603),1,"0,OPT",C21189
R12,0603_1608,1,226k,C321793
R13,0603_1608,1,64.9k,C14891
R14,0603_1608,1,10k,C98220
R15,10K(0603),1,"1k,5%",C103198
R16,10K(0603),1,0,
R17,10K(0603),1,"1.0MEG,5%",C105578
"R18, R9",10K(0603),2,"10k,5%",C98220
"R21, R26, R28, R29, R30, R52, R55, R69, R72",10K(0603),9,0,C21189
R35,0603,1,100k,
"R36, R79",0603,2,100k,C14675
"R4, R86, R87, R94, R95",0603,5,0,C176152
"R40, R68",0603,2,0,
R47,0603,1,9k,C3016444
R49,0603,1,120k,C103263
"R50, R60",0603,2,10K 5%,C98220
R56,0402_R,1,10K 5%,C98220
R57,0603_1608,1,4.7K 5%,C105428
R58,0603,1,4.7K 5%,C105428
R59,0603,1,47K 5%,C105579
"R61, R62, R65, R66, R74, R75, R76, R77",0603,8,10k,C2087321
"R63, R64",0603,2,1.6k,C203329
R73,0603,1,200k,C73804
R78,0603,1,0,
R80,0603,1,1.2k,
R81,0603,1,1.2k,C114679
R83,0603,1,120R,C861094
R88,0603,1,200k,C105574
R89,0603,1,9.31k,C3016072
R90,0603,1,69.8k,C3016381
R91,0603,1,22.1k,C137768
R98,0603,1,1k,
RC2,0603,1,0,C22859
"RSNSB1, RSNSI1",RES_KRL3216T4-M-R003-F-T1,2,KRL3216T4-M-R003-F-T1,
Rc1,10K(0603),1,200,C25217
Rccref1,10K(0603),1,"301k,0.1%",C103522
"Rntcbias1, Rntcbias2",10K(0603),2,10k,C98220
Rt1,10K(0603),1,95.3k,C203896
S1,RF_SHIELD,1,Shielding Cover,
SB1,SolderJumper-2_P1.3mm_Open_RoundedPad1.0x1.5mm,1,~,
SIP1,ACSIP ST50H,1,ST50 Series Module-Out,
TP1,TestPoint_Pad_D1.0mm,1,SCL1,
TP10,TestPoint_Pad_D1.0mm,1,VIN,
"TP11, TP13, TP14, TP17, TP25",TestPoint_Pad_D1.0mm,5,GND,
TP12,TestPoint_Pad_D1.0mm,1,BAT,
TP15,TestPoint_Pad_D1.0mm,1,NTC,
TP16,TestPoint_Pad_D1.0mm,1,LOAD,
TP18,TestPoint_Pad_D1.0mm,1,WDT_DONE,
TP19,TestPoint_Pad_D1.0mm,1,WDT_LD,
TP2,TestPoint_Pad_D1.0mm,1,SDA1,
TP20,TestPoint_Pad_D1.0mm,1,RS485_EN,
TP21,TestPoint_Pad_D1.0mm,1,A+,
TP22,TestPoint_Pad_D1.0mm,1,B-,
TP23,TestPoint_Pad_D1.0mm,1,Z,
TP24,TestPoint_Pad_D1.0mm,1,Y,
TP3,TestPoint_Pad_D1.0mm,1,DCI2,
TP4,TestPoint_Pad_D1.0mm,1,DCI1,
TP5,TestPoint_Pad_D1.0mm,1,MAIN_SUPPLY,
TP6,TestPoint_Pad_D1.0mm,1,VMAIN,
TP7,TestPoint_Pad_D1.0mm,1,3V3,
TP8,TestPoint_Pad_D1.0mm,1,ISO_5V,
TP9,TestPoint_Pad_D1.0mm,1,3V3_LDO,
U1,R_8_ADI-M,1,ADUM1250ARZ-RL7,C13839
U10,TSOT-23-5,1,RT9080-33GJ5,C841192
U11,RW_20_ADI-M,1,ADM2587EBRWZ-REEL7,C12081
U12,AP64350SP-13,1,AP64350SP-13,C2071691
U13,AOZ1360AIL_AOS,1,AOZ1360AIL,
U14,PWP0020D_M,1,TPS7B6750QPWPRQ1,C2860004
U2,DW0016B_N,1,ISO7740DWR,C529547
U3,SC-74A-5_1P65X3P15_ONS,1,SN74LVC1G04DBVR,C434067
U4,LTC4015EUHF-PBF,1,LTC4015EUHF-PBF,C580823
U5,TPL5010DDCR,1,TPL5010,C473912
U6,TCK108AF_LF,1,TCK107AF_LF,
U7,DCT8-L,1,PCA9306,C129510
U8,SHT4X,1,SHT40-AD1B-R3,C2909890
U9,SOIC-18W_7.5x11.6mm_P1.27mm,1,MCP23008-xSO,C92253
